姓名,手机号码,身份证号码,家庭住址
王帆,13086957862,522300198602117131,内蒙古自治区静县友好台北路K座 861324
佘波,13947882099,130302194712146582,四川省琳县平山张路V座 363553
马丽,15885239896,131023194408094243,吉林省梅县金平秦街H座 760828
夏玲,15133553816,341522193703058021,江苏省莹县丰都香港路S座 342871
杜佳,13034782015,429006198207029275,浙江省梅县房山石家庄路c座 300417
吴婷,14522151400,420302196003277705,福建省兰英市平山贵阳路L座 243797
马雪,18800920779,341225197702037342,四川省天津县静安澳门路W座 822178
李华,13551007960,220204198901125446,陕西省秀兰县沙湾银川路s座 599038
黄亮,18012105759,500113195608244483,陕西省玉英县大兴刘街z座 538347
王瑞,18086999385,621223195311092374,天津市洋县海陵香港路a座 124252
张旭,18259867247,620825196303187719,宁夏回族自治区昆明市海港王街O座 363914
谭平,18983016459,370687194911029893,湖南省玉英市东城合山路D座 158305
王玉珍,15881659582,530181199006060513,甘肃省马鞍山县沙湾六安路J座 485231
萧雪,15668361495,411422193509136316,上海市合肥市城东重庆街g座 149601
陈秀芳,18875628635,650102200002033777,新疆维吾尔自治区六盘水县沈河淮安街d座 233936
阎俊,15062729341,210101197004106869,湖北省桂香县涪城刘街r座 178854
毛小红,18990662569,210502193906212118,山西省桂芝市江北曹路x座 440194
项秀英,13738898204,65322119720721534X,青海省璐市浔阳西宁街S座 536215
李燕,18060443506,211382193808134541,重庆市广州县西夏何街A座 973824
焦刚,13427711641,130529197710092239,广西壮族自治区波市蓟州周路X座 602238
